User,Score
jemsbhai,25
Scub3d,24
sidharthapar,23
foa,23
Gchorba,21
averylamp,21
cyrusroshan,20
yosun,20
iStackSoftware,19
chriswoodle,19
wynd07,18
ptarsoly,18
timotius,17
KristaShuckerow,16
Nyceane,16
kipply,16
pav920,15
caelooney,15
simplyianm,15
ndneighbor,15
cwille2012,15
christopherjwang,14
DarthAnakin,14
alastairparagas,14
Dranithix,14
bkrockx,13
skarthik,13
sourav26721062,13
pandelis,13
renxinhe,13
TomaszF1,13
TheCurryMan,13
CoolioXLR,13
DhanushP,13
atmaram,12
YolBolsun1,12
schottmv,12
mayerja,12
eronhistorion,12
AndrewNg,12
nathangitter,12
KerlinMichel,12
mfajet,12
BrianCottrell,12
mrmoodoo,11
Paden,11
zatchry,11
AngelSchatz,11
axtonandy,11
ClydeWallace,11
ijoosong,11
IsaiahJTurner,11
hackerbacker,11
relisher,11
inhibitus,11
k-yang,11
MaxBareiss,11
akshaya19,11
terje,11
mdni007,11
chrtr,11
Jovl,11
annabellesan,11
sabard,10
fhinson,10
adarshu,10
ztan,10
mcdonaldca,10
earlda,10
aakashadesara,10
whodotcom,10
chrisfrederickson,10
fleker,10
simonguozirui,10
LanceNanek,10
ajabot,10
judithsmilingeyes,10
yg2545,10
dylanch,10
eToThePiIPower,10
iYung,10
The-Real-Taylor-Swift,10
Vingkan,10
kenliz,9
gandhi123,9
gurupreet,9
mclayto,9
JesseHu,9
gpop,9
scottopell,9
jteplitz602,9
dhammer67,9
mkausas,9
gabiz,9
pranjaldaga,9
j4cobj,9
kveca,9
jaredsmith,9
AdilVirani,9
